1,11:00:00,,,,,,
2,11:05:00,,,,,,
3,11:10:00,,,,,,
4,11:15:00,,,,,,
5,11:20:00,,,,,,
6,11:25:00,,,,,,
7,11:30:00,,,,,,
8,11:35:00,,,,,,
9,11:40:00,,,,,,
10,11:45:00,,,,,,
11,11:50:00,,,,,,
12,11:55:00,,,,,,
13,12:00:00,,,,,,
14,12:05:00,,,,,,
15,12:10:00,,,,,,
16,12:15:00,,,,,,
17,12:20:00,,,,,,
18,12:25:00,,,,,,
19,12:30:00,,,,,,
20,12:35:00,,,,,,
21,12:40:00,,,,,,
22,12:45:00,,,,,,
23,12:50:00,,,,,,
24,12:55:00,,,,,,
25,13:00:00,,,,,,
26,13:05:00,,,,,,
27,13:10:00,,,,,,
28,13:15:00,,,,,,
29,13:20:00,,,,,,
30,13:25:00,,,,,,
31,13:30:00,,,,,,
32,13:35:00,,,,,,
33,13:40:00,,,,,,
34,13:45:00,,,,,,
35,13:50:00,,,,,,
36,13:55:00,,,,,,
37,14:00:00,,,,,,
38,14:05:00,,,,,,
39,14:10:00,,,,,,
40,14:15:00,,,,,,
41,14:20:00,,,,,,
42,14:25:00,,,,,,
43,14:30:00,,,,,,
44,14:35:00,,,,,,
45,14:40:00,,,,,,
46,14:45:00,,,,,,
47,14:50:00,,,,,,
48,14:55:00,,,,,,
49,15:00:00,,,,,,
50,15:05:00,,,,,,
51,15:10:00,,,,,,
52,15:15:00,,,,,,
53,15:20:00,,,,,,
54,15:25:00,,,,,,
55,15:30:00,,,,,,
56,15:35:00,,,,,,
57,15:40:00,,,,,,
58,15:45:00,,,,,,
59,15:50:00,,,,,,
60,15:55:00,,,,,,
61,16:00:00,,,,,,
62,16:05:00,,,,,,
63,16:10:00,,,,,,
64,16:15:00,,,,,,
65,16:20:00,,,,,,
66,16:25:00,,,,,,
67,16:30:00,,,,,,
68,16:35:00,,,,,,
69,16:40:00,,,,,,
70,16:45:00,,,,,,
71,16:50:00,,,,,,
72,16:55:00,,,,,,
73,17:00:00,,,,,,
74,17:05:00,,,,,,
75,17:10:00,,,,,,
76,17:15:00,,,,,,
77,17:20:00,,,,,,
78,17:25:00,,,,,,
79,17:30:00,,,,,,
80,17:35:00,,,,,,
81,17:40:00,,,,,,
82,17:45:00,,,,,,
83,17:50:00,,,,,,
84,17:55:00,,,,,,
85,18:00:00,,,,,,
86,18:05:00,,,,,,
87,18:10:00,,,,,,
88,18:15:00,,,,,,
89,18:20:00,,,,,,
90,18:25:00,,,,,,
91,18:30:00,,,,,,
92,18:35:00,,,,,,
93,18:40:00,,,,,,
94,18:45:00,,,,,,
95,18:50:00,,,,,,
96,18:55:00,,,,,,
97,19:00:00,,,,,,
98,19:05:00,,,,,,
99,19:10:00,,,,,,
100,19:15:00,,,,,,
101,19:20:00,,,,,,
102,19:25:00,,,,,,
103,19:30:00,,,,,,
104,19:35:00,,,,,,
105,19:40:00,,,,,,
106,19:45:00,,,,,,
107,19:50:00,,,,,,
108,19:55:00,,,,,,
109,20:00:00,,,,,,
110,20:05:00,,,,,,
111,20:10:00,,,,,,
112,20:15:00,,,,,,
113,20:20:00,,,,,,
114,20:25:00,,,,,,
115,20:30:00,,,,,,
116,20:35:00,,,,,,
117,20:40:00,,,,,,
118,20:45:00,,,,,,
119,20:50:00,,,,,,
120,20:55:00,,,,,,
121,21:00:00,,,,,,
